-- Wellness Clinic: Insert Script
set echo on;

INSERT INTO MASTER_SCHED(SCHEDID, PRACTID, APT_START, APT_END, WALK_IN, P_NAME, WEEK_DAY) VALUES ('1', '1', '8:00', '5:00', 'No', 'Ben Davis', 'Monday');
INSERT INTO MASTER_SCHED(SCHEDID, PRACTID, APT_START, APT_END, WALK_IN, P_NAME, WEEK_DAY) VALUES ('2', '2', '8:00', '3:30', 'Yes', 'Jason Smith', 'Monday');
INSERT INTO MASTER_SCHED(SCHEDID, PRACTID, APT_START, APT_END, WALK_IN, P_NAME, WEEK_DAY) VALUES ('3', '3', '8:00', '2:30', 'No', 'Davis Ore', 'Monday');
INSERT INTO MASTER_SCHED(SCHEDID, PRACTID, APT_START, APT_END, WALK_IN, P_NAME, WEEK_DAY) VALUES ('4', '4', '8:00', '4:30', 'Yes', 'John Thomas', 'Monday');

INSERT INTO doctor (DOCID, DOC_NAME, MASTER_SCHED_SCHEDID) VALUES ('1','Brandon Dean', '1'); 
INSERT INTO doctor (DOCID, DOC_NAME, MASTER_SCHED_SCHEDID) VALUES ('2','Chris Walker', '2'); 

INSERT INTO prescription (RX_ID, DOC_NAME, P_NAME, P_ADDRESS, RX_DIRECTIONS, RX_NAME, RX_FORM, RX_STRENGTH, RX_QUANTITY, PHARM_NAME, DATE_FILLED, RX_REFILLS, RX_PRICE, RX_COVERAGE, REMAIN_BAL) VALUES ('1', 'Brandon Dean', 'Robert Hamilton', '226 Eagle Court', '2X Daily', 'Xanax', 'Pill', '5', '10', 'CVS', '10/22/20', '0', '26', '1', '1');
INSERT INTO prescription (RX_ID, DOC_NAME, P_NAME, P_ADDRESS, RX_DIRECTIONS, RX_NAME, RX_FORM, RX_STRENGTH, RX_QUANTITY, PHARM_NAME, DATE_FILLED, RX_REFILLS, RX_PRICE, RX_COVERAGE, REMAIN_BAL) VALUES ('2', 'Chris Walker', 'Angel Roberts', '1 Univeristy Heights', '2X Daily', 'Advil', 'Pill', '5', '10', 'Ingles', '10/11/20', '0', '10', '1', '1');

INSERT INTO pract_schedule (PRACTID, VISIT_REASON, P_NAME, DOCTOR_DOCID) VALUES ('1', 'Lab Test', 'Julia Roberts', '1');

INSERT INTO patient (PATIENTID, PATIENT_NAME) VALUES ('1', 'Julia Roberts');
INSERT INTO patient (PATIENTID, PATIENT_NAME) VALUES ('2', 'Robert Hamilton');
INSERT INTO patient (PATIENTID, PATIENT_NAME) VALUES ('3', 'Brent Thomas');
INSERT INTO patient (PATIENTID, PATIENT_NAME) VALUES ('4', 'Angel Roberts');
INSERT INTO patient (PATIENTID, PATIENT_NAME) VALUES ('5', 'Bret Swans');

INSERT INTO dlv_room (DELIVERYID, BABY_CNT) VALUES ('1', '1');
INSERT INTO dlv_room (DELIVERYID, BABY_CNT) VALUES ('2', '2');

INSERT INTO or_sched (ORID, SURG_DATE, SURG_TIME, DLV_ROOM_DELIVERYID, DOCTOR_DOCID) VALUES ('1', '10/06/19', '8:00', '1', '1');

INSERT INTO np_staff (STAFFID, STAFF_NAME, MASTER_SCHED_SCHEDID) VALUES ('1', 'Jillian Maxwell', '1');
INSERT INTO np_staff (STAFFID, STAFF_NAME, MASTER_SCHED_SCHEDID) VALUES ('2', 'Emily Savage', '2');
INSERT INTO np_staff (STAFFID, STAFF_NAME, MASTER_SCHED_SCHEDID) VALUES ('3', 'John Smith', '3');
INSERT INTO np_staff (STAFFID, STAFF_NAME, MASTER_SCHED_SCHEDID) VALUES ('4', 'Brooke Dun', '4');

INSERT INTO m_statement (STATEID, PATID, SERVICES, PMNT_REC, UNPAID_BAL, PATIENT_PATIENTID) VALUES ('1', '1', 'Lab Tests', '15', '5', '1');
INSERT INTO m_statement (STATEID, PATID, SERVICES, PMNT_REC, UNPAID_BAL, PATIENT_PATIENTID) VALUES ('2', '2', 'Strep Test', '20', '0', '1');
INSERT INTO m_statement (STATEID, PATID, SERVICES, PMNT_REC, UNPAID_BAL, PATIENT_PATIENTID) VALUES ('3', '3', 'Fever Test', '25', '2', '1');

INSERT INTO m_report (REPORTID, P_VISIT, SURG_COUNT, BABY_CNT, LAB_TEST, LAB_TYPE, SCRIPT_CNT, APT_LENGTH, M_STATEMENT_STATEID, M_STATEMENT_PATID) VALUES ('1', '1', '1', '1', '1', '1', '1', '1', '1', '1');
INSERT INTO m_report (REPORTID, P_VISIT, SURG_COUNT, BABY_CNT, LAB_TEST, LAB_TYPE, SCRIPT_CNT, APT_LENGTH, M_STATEMENT_STATEID, M_STATEMENT_PATID) VALUES ('2', '5', '2', '6', '2', '2', '2', '2', '2', '2');

INSERT INTO lab_report (LABID, TEST_TYPE, TESTID, PATIENT_PATIENTID, NP_STAFF_STAFFID) VALUES ('1', 'Strep Test', '1', '1', '1');
INSERT INTO lab_report (LABID, TEST_TYPE, TESTID, PATIENT_PATIENTID, NP_STAFF_STAFFID) VALUES ('2', 'COVID Test', '2', '2', '2');

INSERT INTO insurance (INSID, CLINIC, ADDRESS, PHONE, S_NAME, PATIENT_PATIENTID) VALUES ('1', 'Mission', '22 Medical', '8280000000', 'Julia Roberts', '1');
INSERT INTO insurance (INSID, CLINIC, ADDRESS, PHONE, S_NAME, PATIENT_PATIENTID) VALUES ('2', 'Mission', '22 Medical', '8281111111', 'Robert Hamilton', '2');

INSERT INTO er_staff (STAFFID, ER_PHONE, ER_NAME, MASTER_SCHED_SCHEDID) VALUES ('1', 8283333333, 'Veronica Rogers', '1');
INSERT INTO er_staff (STAFFID, ER_PHONE, ER_NAME, MASTER_SCHED_SCHEDID) VALUES ('2', 8284444444, 'Zach Davis', '2');

INSERT INTO relation_21 (PRESCRIPTION_RX_ID, DOCTOR_DOCID) VALUES ('1', '1');
INSERT INTO relation_21 (PRESCRIPTION_RX_ID, DOCTOR_DOCID) VALUES ('2', '2');

INSERT INTO rec_room (RECOVERYID, P_NAME, PRACTID, BEDID, DATE_IN, DATE_OUT, TIME_IN, TIME_OUT, SIGNATURE, PATIENT_PATIENTID, DOCTOR_DOCID) VALUES ('1', 'Julia Roberts', '1', '1', '09/12/20', '09/14/20', '7:00A', '6:00P', 'Brandon', '1', '1');

commit;
